Compared Group,Wedge Similarity,Wedge Orientation,Probability of Belonging,N Samples,Total Processed,Is Similar (adaptive),Hydrophobic Angle (°),Charge Angle (°),Specular Reflection,Clifford Distance,Commutator Norm,Anticommutator Sim,Metric Similarity,GP Functional Sim,GP Structural Diff,GP Combined Sim,GP F/S Ratio,GP Interpretation,GP Grade 0 (Functional),GP Grade 2 (Pairs),GP Grade 3 (Triples),GP Grade 4 (Quadruples),GP Full Interpretation,Hodge Complementarity,Grassmann Distance,General Rotation Angle (°),Grassmann Projection,Fubini-Study,Ricci Curvature,Wasserstein Distance,Fractal Dim Diff,Radon Similarity,Laplacian Distance,Entropy Diff,Jensen-Shannon,Gini Diff,Complexity Diff,Modularity Diff,Hellinger,Spearman,Morans I Diff
CPP,0.122954,-1.0,0.919199,100,100,False,9.97,15.57,False,1.33134,0.585355,0.810777,0.977543,0.977543,106771112.126785,106771112.126785,0.0,"Structurally similar, functionally different",0.082778,0.072113,0.190943,0.103519,Strong 3-body cooperativity (protein domains),0.190097,0.585355,35.83,0.585355,0.625318,1.918512,0.148,0.0,0.984864,5.363293,0.112975,0.13539,0.043931,0.011298,0.185527,0.315371,0.377583,0.180419
NILE1,0.067699,-1.0,0.5,1,1,False,31.78,16.39,False,1.730826,0.496284,0.86816,0.854646,0.854646,38171453.194031,38171453.194031,0.0,"Structurally similar, functionally different",0.097378,0.071705,0.197191,0.0703,Strong 3-body cooperativity (protein domains),0.14007,0.496284,29.75,0.496284,0.519313,3.060132,0.065924,0.130009,0.991473,13.908076,0.510758,0.079027,0.153984,0.159079,0.087683,0.257094,0.904778,0.049948
UNFOLDED,0.067483,1.0,0.953498,106,106,False,3.56,1.89,False,1.567804,0.349537,0.936923,0.942421,0.942421,82649142.976937,82649142.976937,0.0,"Structurally similar, functionally different",0.066549,0.034795,0.059335,0.019854,Balanced interactions across all orders,0.074799,0.349537,20.46,0.349537,0.357077,7.184905,0.079105,0.037602,0.997496,8.426841,0.335454,0.037101,0.16702,0.046706,0.044311,0.161035,0.852511,0.068742
NON_CPP,0.053071,-1.0,0.861618,71,71,False,12.03,13.64,False,0.976877,0.320057,0.947398,0.941929,0.941929,12596248.861759,12596248.861759,0.0,"Structurally similar, functionally different",0.081225,0.036757,0.096766,0.028419,Balanced interactions across all orders,0.117156,0.320057,18.67,0.320057,0.32579,8.762132,0.066751,0.0,0.999344,4.023587,0.091209,0.029826,0.050921,0.009121,0.093671,0.144467,0.840712,0.082276
PARTIALLY_FOLDED,0.048867,1.0,1.0,153,153,False,9.78,35.12,False,1.083256,0.24609,0.969247,0.967772,0.967772,1951708.891924,1951708.891924,0.0,"Structurally similar, functionally different",0.072035,0.026154,0.054517,0.021209,Balanced interactions across all orders,0.063106,0.24609,14.25,0.24609,0.248645,15.512407,0.030311,0.0,0.999021,4.834629,0.216632,0.0203,0.100472,0.021663,0.170612,0.119128,0.793514,0.009682
MACV,0.044321,1.0,0.0,3,3,False,10.86,8.14,False,0.46741,0.214716,0.976677,0.971617,0.971617,2802190.446512,2802190.446512,0.0,"Structurally similar, functionally different",0.076405,0.024008,0.0594,0.018285,Balanced interactions across all orders,0.061582,0.214716,12.4,0.214716,0.216401,20.690604,0.023663,0.0,0.999845,1.573237,0.104016,0.011549,0.039791,0.010402,0.08296,0.089602,0.935107,0.010532
REVIEWED_ALL,0.042516,1.0,0.998033,575503,575503,False,18.49,18.08,False,1.143013,0.276537,0.961003,0.952101,0.952101,16608391.239169,16608391.239169,0.0,"Structurally similar, functionally different",0.072615,0.03041,0.074023,0.022803,Balanced interactions across all orders,0.057894,0.276537,16.05,0.276537,0.280189,12.076578,0.030197,0.0,0.999387,5.855892,0.167657,0.015788,0.082858,0.016766,0.070217,0.104815,0.935107,0.036784
LUJO,0.042021,1.0,0.5,1,1,False,16.48,13.87,False,1.06018,0.265805,0.964027,0.954628,0.954628,38263740.285146,38263740.285146,0.0,"Structurally similar, functionally different",0.073115,0.029315,0.071586,0.021928,Balanced interactions across all orders,0.055049,0.265805,15.41,0.265805,0.269039,13.153797,0.032043,0.037602,0.999613,2.377048,0.146281,0.015363,0.060012,0.027789,0.083154,0.103399,0.909227,0.010559
UNREVIEWED_ALL,0.042018,1.0,0.998478,149234635,149234636,False,18.46,20.95,False,1.133193,0.269085,0.963116,0.953162,0.953162,14142705.313226,14142705.313226,0.0,"Structurally similar, functionally different",0.074581,0.030177,0.076555,0.023563,Balanced interactions across all orders,0.06088,0.269085,15.61,0.269085,0.272443,12.810845,0.027561,0.037602,0.999682,5.294283,0.132826,0.014038,0.066062,0.026443,0.062339,0.098809,0.926258,0.036167
MEMBRANE,0.040385,1.0,0.968797,165,165,False,17.37,21.68,False,1.254085,0.255245,0.966876,0.958699,0.958699,26640768.143335,26640768.143335,0.0,"Structurally similar, functionally different",0.074268,0.028671,0.072772,0.022843,Balanced interactions across all orders,0.053202,0.255245,14.79,0.255245,0.258101,14.349214,0.02562,0.0,0.999581,4.038443,0.124327,0.012268,0.05775,0.012433,0.062977,0.092369,0.938057,0.037803
JUNV,0.037591,1.0,0.0,3,3,False,13.79,58.63,False,0.361269,0.225633,0.974212,0.967245,0.967245,42046982.032136,42046982.032136,0.0,"Structurally similar, functionally different",0.078309,0.025852,0.06776,0.024423,Balanced interactions across all orders,0.054499,0.225633,13.04,0.225633,0.227593,18.642444,0.016287,0.037602,0.999639,3.388896,0.035926,0.012864,0.008117,0.016753,0.063802,0.094934,0.955756,0.03208
DISEASE,0.035328,1.0,0.990724,3942,3942,False,13.24,22.11,False,1.266622,0.208415,0.97804,0.973899,0.973899,17185889.738204,17185889.738204,0.0,"Structurally similar, functionally different",0.075271,0.023149,0.055849,0.016933,Balanced interactions across all orders,0.05407,0.208415,12.03,0.208415,0.209954,22.021861,0.023943,0.037602,0.9995,4.905454,0.14517,0.009949,0.069333,0.027678,0.067266,0.083179,0.955756,0.026898
REVIEWED_HUMAN,0.033381,1.0,0.997356,20416,20416,False,12.22,19.73,False,1.308246,0.196416,0.980521,0.976655,0.976655,23059633.193458,23059633.193458,0.0,"Structurally similar, functionally different",0.076321,0.021915,0.053178,0.016268,Balanced interactions across all orders,0.057241,0.196416,11.33,0.196416,0.197701,24.920786,0.023328,0.037602,0.999605,4.371255,0.137078,0.00922,0.063626,0.026869,0.069641,0.080066,0.935107,0.019924
UNREVIEWED_HUMAN,0.030844,1.0,0.999649,127090,127090,False,12.67,22.58,False,1.39167,0.206309,0.978487,0.974944,0.974944,18310209.383864,18310209.383864,0.0,"Structurally similar, functionally different",0.074731,0.022712,0.052871,0.01623,Balanced interactions across all orders,0.053642,0.206309,11.91,0.206309,0.207802,22.494252,0.024939,0.037602,0.999379,5.139139,0.162533,0.010397,0.076866,0.029414,0.071223,0.085057,0.943957,0.02398
VIRUS_UNREVIEWED,0.03074,1.0,0.999951,1087163,1087163,False,10.67,20.38,False,1.177111,0.185316,0.982679,0.981956,0.981956,11172694.856868,11172694.856868,0.0,"Structurally similar, functionally different",0.074839,0.020392,0.045963,0.014868,Balanced interactions across all orders,0.051531,0.185316,10.68,0.185316,0.186393,28.118875,0.021167,0.037602,0.999267,4.754049,0.159551,0.008971,0.075798,0.029116,0.066906,0.078973,0.949857,0.03268
EBOLA_BOMBALI,0.029544,1.0,0.5,1,1,False,13.96,13.87,False,0.440443,0.206886,0.978365,0.971813,0.971813,3086751.736771,3086751.736771,0.0,"Structurally similar, functionally different",0.07668,0.02327,0.058303,0.017224,Balanced interactions across all orders,0.055064,0.206886,11.94,0.206886,0.208391,22.363548,0.020397,0.0,0.999544,2.177123,0.105356,0.007555,0.046031,0.010536,0.045507,0.072447,0.949857,0.017841
LASV,0.028114,1.0,0.0,4,4,False,1.27,9.62,False,0.634458,0.138511,0.990361,0.991548,0.991548,4854430.927229,4854430.927229,0.0,"Structurally similar, functionally different",0.083369,0.016832,0.046386,0.015648,Balanced interactions across all orders,0.065312,0.138511,7.96,0.138511,0.138958,51.122892,0.013462,0.0,0.999975,2.369092,0.055342,0.007356,0.024587,0.005534,0.048282,0.071568,0.929208,0.01115
VIRUS_REVIEWED,0.02807,1.0,0.999689,17517,17517,False,10.57,17.26,False,1.164114,0.178361,0.983965,0.982011,0.982011,21023934.856466,21023934.856466,0.0,"Structurally similar, functionally different",0.076239,0.019917,0.04763,0.015361,Balanced interactions across all orders,0.053324,0.178361,10.27,0.178361,0.179321,30.433924,0.02024,0.037602,0.999478,3.511923,0.130053,0.007677,0.058559,0.026166,0.07171,0.073035,0.949857,0.025086
NILE2,0.026596,-1.0,0.5,1,1,False,7.2,2.35,False,0.78008,0.155589,0.987822,0.988853,0.988853,16433227.19623,16433227.19623,0.0,"Structurally similar, functionally different",0.079322,0.018316,0.049773,0.016329,Balanced interactions across all orders,0.046199,0.155589,8.95,0.155589,0.156223,40.308911,0.016152,0.0,0.999882,2.278528,0.005051,0.007702,0.005351,0.000505,0.057978,0.073333,0.937963,0.02757
SIGNALS,0.025467,1.0,0.816291,47,47,False,7.48,19.06,False,1.301351,0.137331,0.990525,0.989533,0.989533,15152217.233785,15152217.233786,0.0,"Structurally similar, functionally different",0.080112,0.015583,0.037986,0.010761,Balanced interactions across all orders,0.069169,0.137331,7.89,0.137331,0.137767,52.022533,0.017486,0.037602,0.999884,4.962957,0.114958,0.00663,0.056079,0.024656,0.054614,0.067901,0.949857,0.00815
LCMV,0.02156,1.0,0.0,3,3,False,2.69,11.37,False,0.199671,0.102274,0.994756,0.995061,0.995061,17702077.653461,17702077.653462,0.0,"Structurally similar, functionally different",0.082336,0.011993,0.032165,0.012453,Balanced interactions across all orders,0.067371,0.102274,5.87,0.102274,0.102453,94.602391,0.008564,0.037602,0.999949,1.257769,0.025601,0.004709,0.008593,0.015721,0.067386,0.057186,0.952807,0.01602
EBOLA_TAI_FOREST,0.016578,1.0,0.5,1,1,False,4.7,5.41,False,0.274232,0.090403,0.995905,0.995266,0.995266,5647142.608632,5647142.608632,0.0,"Structurally similar, functionally different",0.084678,0.01087,0.029992,0.00794,Functional interactions (scalar) dominate,0.062872,0.090403,5.19,0.090403,0.090526,121.359843,0.012211,0.037602,0.999999,1.384269,0.015098,0.002223,0.002915,0.011651,0.059815,0.03927,0.982305,0.009827
EBOLA_BUNDIBUGYO,0.01626,1.0,0.5,1,1,False,5.36,6.23,False,0.15165,0.089515,0.995985,0.994707,0.994707,5685261.576563,5685261.576563,0.0,"Structurally similar, functionally different",0.083162,0.010419,0.026985,0.008306,Functional interactions (scalar) dominate,0.067199,0.089515,5.14,0.089515,0.089635,123.796921,0.011007,0.0,0.999952,1.16281,0.042268,0.002275,0.017758,0.004227,0.027386,0.039739,0.976405,0.00186
EBOLA_RESTON,0.01588,1.0,0.5,1,1,False,0.24,8.39,False,0.466886,0.073224,0.997316,0.998198,0.998198,5571328.794883,5571328.794883,0.0,"Structurally similar, functionally different",0.086253,0.009021,0.022758,0.010476,Functional interactions (scalar) dominate,0.066217,0.073224,4.2,0.073224,0.073289,185.507501,0.019126,0.0,0.999987,2.494191,0.078096,0.002735,0.029992,0.00781,0.032877,0.043614,0.962364,0.021828
EBOLA_SUDAN,0.01333,1.0,0.5,1,1,False,0.49,8.39,False,0.397093,0.06292,0.998019,0.998316,0.998316,5542280.394066,5542280.394066,0.0,"Structurally similar, functionally different",0.08594,0.007625,0.020554,0.006547,Functional interactions (scalar) dominate,0.065843,0.06292,3.61,0.06292,0.062961,251.597059,0.009765,0.0,0.999993,2.018116,0.044022,0.00168,0.020962,0.004402,0.066679,0.034145,0.985255,0.011282
